{"cameraMode":{"drawMode":0,"name":"Shaded","section":"Shading Mode"},"sceneLighting":true,"audioPlay":false,"sceneViewState":{"showFog":true,"showMaterialUpdate":false,"showSkybox":true,"showFlares":true,"showImageEffects":true,"showParticleSystems":true},"in2DMode":false,"pivot":{"x":-23.214120864868165,"y":-10.599367141723633,"z":-66.77970123291016},"rotation":{"x":-0.011210109107196331,"y":-0.9828331470489502,"z":0.17276158928871156,"w":-0.06377240270376206},"size":65.41952514648438,"orthographic":false}